{"cameraMode":{"drawMode":0,"name":"Shaded","section":"Shading Mode"},"sceneLighting":true,"audioPlay":false,"sceneViewState":{"showFog":false,"showMaterialUpdate":false,"showSkybox":false,"showFlares":false,"showImageEffects":false,"showParticleSystems":false},"in2DMode":false,"pivot":{"x":2.866276264190674,"y":2.1541881561279299,"z":0.9345016479492188},"rotation":{"x":0.20478396117687226,"y":-0.03816567733883858,"z":0.007991117425262928,"w":0.9780302047729492},"size":23.235361099243165,"orthographic":false}