{"cameraMode":{"drawMode":0,"name":"Shaded","section":"Shading Mode"},"sceneLighting":true,"audioPlay":false,"sceneViewState":{"showFog":false,"showMaterialUpdate":false,"showSkybox":false,"showFlares":false,"showImageEffects":false,"showParticleSystems":false},"in2DMode":false,"pivot":{"x":1.4870887994766236,"y":1.2503514289855958,"z":-5.56020450592041},"rotation":{"x":0.3305647373199463,"y":-0.0014197813579812646,"z":0.0004969210713170469,"w":0.9437821507453919},"size":4.85827112197876,"orthographic":false}