{"cameraMode":{"drawMode":0,"name":"Shaded","section":"Shading Mode"},"sceneLighting":true,"audioPlay":false,"sceneViewState":{"showFog":false,"showMaterialUpdate":false,"showSkybox":false,"showFlares":false,"showImageEffects":false,"showParticleSystems":false},"in2DMode":false,"pivot":{"x":-0.9284112453460693,"y":4.158115386962891,"z":-2.735325813293457},"rotation":{"x":-0.17979183793067933,"y":-0.03711496666073799,"z":0.006791003048419952,"w":-0.9829808473587036},"size":3.011049270629883,"orthographic":false}